"site","year","medianDepth","nobsv"
"355944079013401",2013,42.26,159
"355944079013401",2014,40.13,365
"355944079013401",2015,40.29,365
"355944079013401",2016,38.4,366
"355944079013401",2017,39.23,365
"355944079013401",2018,41.81,365
"355944079013401",2019,36.4,365
"355944079013401",2020,37.57,366
"355944079013401",2021,34.88,204
"B39X1",2010,24.37,2
"B39X1",2011,22.545,318
"B39X1",2012,23.095,366
"B39X1",2013,21.305,364
"B39X1",2014,19.53,345
"B39X1",2015,18.325,364
"B39X1",2016,17.72,366
"B39X1",2017,19.795,365
"B39X1",2018,22.485,365
"B39X1",2019,19.448,365
"B39X1",2020,20.803,309
"B39X1",2021,16.244,151
"B39X2",2010,12.71,1
"B39X2",2011,12.56,2
"B39X2",2012,10.58,4
"B39X2",2013,8.915,4
"B39X2",2014,7.265,4
"B39X2",2015,5.03,5
"B39X2",2016,4.35,6
"B39X2",2017,9.22,4
"B39X2",2018,10.215,4
"B39X2",2019,7.085,4
"B39X2",2020,9.785,4
"B39X2",2021,3.135,4
"E38F1",1990,6.025,8
"E38F1",1991,5.8,3
"E38F1",2001,7.905,4
"E38F1",2002,8.27,7
"E38F1",2003,5.355,164
"E38F1",2004,5.82,332
"E38F1",2005,6.65,365
"E38F1",2006,6.52,287
"E38F1",2007,7.17,365
"E38F1",2008,8.875,366
"E38F1",2009,7.01,365
"E38F1",2010,7.92,365
"E38F1",2011,9.205,314
"E38F1",2012,10.93,315
"E38F1",2013,8.84,365
"E38F1",2014,8,365
"E38F1",2015,7.025,344
"E38F1",2016,5.8285,354
"E38F1",2017,7.595,365
"E38F1",2018,7.416,365
"E38F1",2019,6.193,365
"E38F1",2020,5.917,309
"E38F1",2021,4.25,151
"F43X1",1990,17.8,7
"F43X1",1991,18.1,3
"F43X1",2006,16.82,21
"F43X1",2007,20.35,365
"F43X1",2008,17.785,366
"F43X1",2009,16.61,365
"F43X1",2010,17.53,271
"F43X1",2011,19.269,233
"F43X1",2012,17.241,333
"F43X1",2013,16.345,365
"F43X1",2014,17.923,365
"F43X1",2015,16.285,365
"F43X1",2016,16.307,366
"F43X1",2017,17.178,365
"F43X1",2018,15.998,365
"F43X1",2019,18.058,365
"F43X1",2020,16.3915,366
"F43X1",2021,15.541,153
"I35K2",2005,10.175,2
"I35K2",2006,9.285,184
"I35K2",2007,10.43,287
"I35K2",2008,10.54,366
"I35K2",2009,9.23,365
"I35K2",2010,10.185,272
"I35K2",2011,10.03,365
"I35K2",2012,9.72,309
"I35K2",2013,8.85,365
"I35K2",2014,7.96,339
"I35K2",2015,8.63,219
"I35K2",2016,7.7345,354
"I35K2",2017,9.687,365
"I35K2",2018,9.397,365
"I35K2",2019,7.699,365
"I35K2",2020,7.42,335
"I35K2",2021,7.391,151
"J44D1",2013,43.775,10
"J44D1",2014,41.87,4
"J44D1",2015,40.332,53
"J44D1",2016,36.9195,366
"J44D1",2017,39.632,365
"J44D1",2018,41.443,333
"J44D1",2019,35.843,350
"J44D1",2020,38.4305,366
"J44D1",2021,36.4325,204
"M53L1",1990,22.77,8
"M53L1",1991,22.2,1
"M53L1",1998,28.25,1
"M53L1",1999,29.94,11
"M53L1",2000,26.26,136
"M53L1",2001,34.54,142
"M53L1",2002,34.74,205
"M53L1",2003,27.72,365
"M53L1",2004,30.09,278
"M53L1",2005,30.81,344
"M53L1",2006,32.17,365
"M53L1",2007,31.53,365
"M53L1",2008,35.49,366
"M53L1",2009,34.28,365
"M53L1",2010,33.775,312
"M53L1",2011,37.95,295
"M53L1",2012,36.64,366
"M53L1",2013,34.892,365
"M53L1",2014,33.97,365
"M53L1",2015,35.035,365
"M53L1",2016,31.1175,366
"M53L1",2017,33.864,351
"M53L1",2018,34.9775,310
"M53L1",2019,29.234,365
"M53L1",2020,28.839,366
"M53L1",2021,25.092,118
"N41G3",1990,21.65,7
"N41G3",1991,21.2,3
"N41G3",2001,18.13,97
"N41G3",2002,19.96,75
"N41G3",2003,17.82,365
"N41G3",2004,18.53,290
"N41G3",2005,19.92,365
"N41G3",2006,19.4,313
"N41G3",2007,23.57,225
"N41G3",2008,21.71,365
"N41G3",2009,20.73,297
"N41G3",2010,20.445,234
"N41G3",2011,24.47,299
"N41G3",2012,25,289
"N41G3",2013,21.21,365
"N41G3",2014,19.67,313
"N41G3",2015,19.48,339
"N41G3",2016,19.042,366
"N41G3",2017,21.211,365
"N41G3",2018,19.351,365
"N41G3",2019,19.711,280
"N41G3",2020,18.0255,44
"N46H1",2013,15.729,201
"N46H1",2014,15.545,365
"N46H1",2015,15.449,365
"N46H1",2016,15.3365,366
"N46H1",2017,15.936,283
"N46H1",2018,15.232,365
"N46H1",2019,15.1175,358
"N46H1",2020,14.861,366
"N46H1",2021,14.2345,106
"P51O1",2013,30.16,89
"P51O1",2014,24.635,218
"P51O1",2015,24.95,345
"P51O1",2016,26.097,366
"P51O1",2017,29.4005,364
"P51O1",2018,22.38,365
"P51O1",2019,24.41,365
"P51O1",2020,21.086,329
"P51O1",2021,21.4205,80
"Q51N1",2013,32.835,12
"Q51N1",2014,31.48,261
"Q51N1",2015,31.49,332
"Q51N1",2016,29.742,366
"Q51N1",2017,33.929,365
"Q51N1",2018,36.207,365
"Q51N1",2019,26.186,365
"Q51N1",2020,31.6945,302
"Q51N1",2021,27.7225,80
"R47Q2",2000,100.9,4
"R47Q2",2001,102.395,4
"R47Q2",2002,102.545,4
"R47Q2",2003,101.205,4
"R47Q2",2004,100.995,4
"R47Q2",2005,100.99,4
"R47Q2",2006,101.945,4
"R47Q2",2007,102.35,4
"R47Q2",2008,103.505,4
"R47Q2",2009,102.63,4
"R47Q2",2010,102.77,4
"R47Q2",2011,103.505,4
"R47Q2",2012,103.19,4
"R47Q2",2013,101.99,4
"R47Q2",2014,101.925,4
"R47Q2",2015,102.85,4
"R47Q2",2016,103.185,4
"R47Q2",2017,103.665,4
"R47Q2",2018,102.955,4
"R47Q2",2019,102.17,4
"R47Q2",2020,101.575,4
"R47Q2",2021,100.425,2
"R47Q3",2000,17.125,4
"R47Q3",2001,19.195,4
"R47Q3",2002,18.405,4
"R47Q3",2003,13.645,4
"R47Q3",2004,15.885,4
"R47Q3",2005,16.71,4
"R47Q3",2006,16.395,4
"R47Q3",2007,15.895,4
"R47Q3",2008,17.055,4
"R47Q3",2009,16.945,4
"R47Q3",2010,16.575,4
"R47Q3",2011,20.24,4
"R47Q3",2012,19.245,4
"R47Q3",2013,16.86,4
"R47Q3",2014,16.16,4
"R47Q3",2015,14.435,4
"R47Q3",2016,13.99,4
"R47Q3",2017,17.255,4
"R47Q3",2018,15.22,4
"R47Q3",2019,13.41,4
"R47Q3",2020,15.085,4
"R47Q3",2021,12.74,2
"R47Q4",2000,20.535,4
"R47Q4",2001,21.72,4
"R47Q4",2002,20.825,4
"R47Q4",2003,16.085,4
"R47Q4",2004,18.455,4
"R47Q4",2005,19.79,4
"R47Q4",2006,19.045,4
"R47Q4",2007,19.385,4
"R47Q4",2008,19.775,4
"R47Q4",2009,19.42,4
"R47Q4",2010,19.21,4
"R47Q4",2011,22.68,4
"R47Q4",2012,22.55,4
"R47Q4",2013,20.065,4
"R47Q4",2014,19.435,4
"R47Q4",2015,18.06,4
"R47Q4",2016,16.89,4
"R47Q4",2017,20.275,4
"R47Q4",2018,19.385,4
"R47Q4",2019,17.675,4
"R47Q4",2020,17.77,4
"R47Q4",2021,15.95,2
"R48G1",1999,47.85,1
"R48G1",2000,51.85,4
"R48G1",2001,51.47,3
"R48G1",2002,51,3
"R48G1",2003,47.86,289
"R48G1",2004,45.86,366
"R48G1",2005,45.88,365
"R48G1",2006,46.9,365
"R48G1",2007,47.56,291
"R48G1",2008,47.15,366
"R48G1",2009,45.84,365
"R48G1",2010,47.12,364
"R48G1",2011,47.005,314
"R48G1",2012,50.251,249
"R48G1",2013,47.89,365
"R48G1",2014,46.457,365
"R48G1",2015,47.236,365
"R48G1",2016,46.6705,366
"R48G1",2017,47.926,365
"R48G1",2018,46.67,333
"R48G1",2019,45.229,365
"R48G1",2020,46.255,302
"R48G1",2021,41.435,94
"R48G2",1999,17.62,1
"R48G2",2000,10.225,4
"R48G2",2001,10.9,3
"R48G2",2002,10.12,3
"R48G2",2003,7.02,289
"R48G2",2004,9.23,358
"R48G2",2005,8.98,365
"R48G2",2006,8.345,326
"R48G2",2007,11.72,279
"R48G2",2008,8.49,365
"R48G2",2009,8.67,365
"R48G2",2010,10.08,364
"R48G2",2011,11.98,365
"R48G2",2012,10.65,366
"R48G2",2013,8.912,365
"R48G2",2014,8.74,365
"R48G2",2015,8.086,365
"R48G2",2016,9.588,366
"R48G2",2017,11.6395,364
"R48G2",2018,7.573,365
"R48G2",2019,10.035,364
"R48G2",2020,7.359,302
"R48G2",2021,7.863,94
"R48Y4",1999,80.79,1
"R48Y4",2000,81.455,4
"R48Y4",2001,82.085,4
"R48Y4",2002,83.12,3
"R48Y4",2003,82.37,4
"R48Y4",2004,78.43,5
"R48Y4",2005,81.595,4
"R48Y4",2006,81.905,4
"R48Y4",2007,80.04,4
"R48Y4",2008,82.015,4
"R48Y4",2009,81,143
"R48Y4",2010,80.84,364
"R48Y4",2011,81.63,365
"R48Y4",2012,82.86,228
"R48Y4",2013,82.7515,348
"R48Y4",2014,80.775,365
"R48Y4",2015,80.92,365
"R48Y4",2016,80.0365,366
"R48Y4",2017,80.556,365
"R48Y4",2018,81.88,365
"R48Y4",2019,78.947,365
"R48Y4",2020,80.055,212
"R48Y4",2021,79.262,84
"R49C3",1999,26.7,1
"R49C3",2000,24.79,4
"R49C3",2001,25.37,3
"R49C3",2002,27.865,2
"R49C3",2003,24.09,284
"R49C3",2004,24.98,366
"R49C3",2005,25.63,365
"R49C3",2006,24.46,365
"R49C3",2007,27.45,365
"R49C3",2008,25.1,185
"R49C3",2009,25.625,364
"R49C3",2010,25.685,364
"R49C3",2011,27.32,365
"R49C3",2012,26.605,366
"R49C3",2013,24.71,365
"R49C3",2014,24.35,254
"R49C3",2015,24.676,365
"R49C3",2016,24.987,366
"R49C3",2017,26.552,365
"R49C3",2018,24.947,365
"R49C3",2019,27.0705,268
"R49C3",2020,25.197,212
"R49C3",2021,23.1115,94
"S35Q5",1999,9.31,2
"S35Q5",2000,8.605,4
"S35Q5",2001,10.19,3
"S35Q5",2002,12.77,3
"S35Q5",2003,7.8,69
"S35Q5",2004,8.57,27
"S35Q5",2005,10.03,232
"S35Q5",2006,7.25,359
"S35Q5",2007,11.57,365
"S35Q5",2008,6.34,364
"S35Q5",2009,6.63,283
"S35Q5",2010,8.02,267
"S35Q5",2011,10.9,333
"S35Q5",2012,11.081,366
"S35Q5",2013,9.404,365
"S35Q5",2014,7.39,365
"S35Q5",2015,5.928,365
"S35Q5",2016,7.1,273
"S35Q5",2017,8.001,365
"S35Q5",2018,7.501,365
"S35Q5",2019,7.644,365
"S35Q5",2020,5.949,366
"S35Q5",2021,4.9645,158
"S35Q8",2006,24.075,4
"S35Q8",2007,24.685,4
"S35Q8",2008,23.55,4
"S35Q8",2009,23.14,192
"S35Q8",2010,22.055,354
"S35Q8",2011,22.205,352
"S35Q8",2012,24.588,366
"S35Q8",2013,24.777,365
"S35Q8",2014,23.627,365
"S35Q8",2015,22.856,365
"S35Q8",2016,22.469,360
"S35Q8",2017,23.4065,332
"S35Q8",2018,23.61,365
"S35Q8",2019,24.142,365
"S35Q8",2020,24.314,366
"S35Q8",2021,22.9145,158
"S35Q9",2006,103.76,4
"S35Q9",2007,105.375,4
"S35Q9",2008,105.67,4
"S35Q9",2009,106.26,192
"S35Q9",2010,102.69,359
"S35Q9",2011,104.61,353
"S35Q9",2012,104.358,366
"S35Q9",2013,105.482,365
"S35Q9",2014,105.005,365
"S35Q9",2015,105.739,365
"S35Q9",2016,106.018,364
"S35Q9",2017,108.476,338
"S35Q9",2018,114.674,279
"S35Q9",2019,114.383,365
"S35Q9",2020,111.525,366
"S35Q9",2021,106.35,158
"S48H2",1999,34.49,1
"S48H2",2000,31.685,4
"S48H2",2001,34.55,4
"S48H2",2002,36.7,3
"S48H2",2003,23.26,4
"S48H2",2004,28.99,4
"S48H2",2005,31.225,4
"S48H2",2006,28.87,4
"S48H2",2007,29.005,4
"S48H2",2008,33.42,4
"S48H2",2009,31.9,4
"S48H2",2010,29.645,4
"S48H2",2011,36.22,4
"S48H2",2012,37.65,303
"S48H2",2013,31.5385,364
"S48H2",2014,30.742,365
"S48H2",2015,30.365,365
"S48H2",2016,26.354,366
"S48H2",2017,31.777,365
"S48H2",2018,30.804,365
"S48H2",2019,28.132,363
"S48H2",2020,25.0445,324
"S48H2",2021,23.214,94
"S49D2",2000,62.07,3
"S49D2",2001,64.65,4
"S49D2",2002,67.28,3
"S49D2",2003,64.44,5
"S49D2",2004,61.03,4
"S49D2",2005,63.45,4
"S49D2",2006,65.08,4
"S49D2",2007,63.8,4
"S49D2",2008,65.625,4
"S49D2",2009,65.1,194
"S49D2",2010,64.715,364
"S49D2",2011,65.405,242
"S49D2",2012,69.39,308
"S49D2",2013,69.814,365
"S49D2",2014,65.559,365
"S49D2",2015,65.247,365
"S49D2",2016,62.745,366
"S49D2",2017,61.3205,198
"S49D2",2018,64.255,365
"S49D2",2019,59.838,365
"S49D2",2020,61.576,302
"S49D2",2021,58.534,80
"S50F4",1999,55.83,2
"S50F4",2000,55.98,4
"S50F4",2001,59.185,4
"S50F4",2002,61.625,4
"S50F4",2003,56.505,4
"S50F4",2004,54.01,4
"S50F4",2005,57.465,4
"S50F4",2006,60.1,4
"S50F4",2007,58.6,4
"S50F4",2008,60.51,4
"S50F4",2009,58.695,4
"S50F4",2010,59.39,4
"S50F4",2011,60.865,4
"S50F4",2012,63.69,4
"S50F4",2013,62.72,4
"S50F4",2014,56.855,4
"S50F4",2015,56.31,4
"S50F4",2016,54.57,4
"S50F4",2017,54.56,3
"S50F4",2018,58.71,4
"S50F4",2019,51.935,4
"S50F4",2020,55.375,4
"S50F4",2021,53.375,2
"S50F5",1999,18.69,2
"S50F5",2000,18.1,3
"S50F5",2001,20.005,4
"S50F5",2002,19.155,4
"S50F5",2003,16.015,4
"S50F5",2004,18.5,4
"S50F5",2005,19.905,4
"S50F5",2006,19.685,4
"S50F5",2007,19.13,4
"S50F5",2008,18.18,4
"S50F5",2009,19.065,4
"S50F5",2010,18.79,4
"S50F5",2011,20.79,4
"S50F5",2012,20.96,4
"S50F5",2013,18.905,4
"S50F5",2014,18.835,4
"S50F5",2015,19.415,4
"S50F5",2016,18.825,4
"S50F5",2017,18.96,3
"S50F5",2018,20.48,4
"S50F5",2019,17.545,4
"S50F5",2020,18.385,4
"S50F5",2021,16.825,2
"T48I2",1999,2.08,1
"T48I2",2000,1.07,4
"T48I2",2001,1.935,2
"T48I2",2002,3.86,3
"T48I2",2003,0.73,4
"T48I2",2004,0.515,4
"T48I2",2005,0.89,360
"T48I2",2006,1.82,365
"T48I2",2007,2.06,287
"T48I2",2008,2.25,269
"T48I2",2009,2.13,365
"T48I2",2010,2.39,365
"T48I2",2011,3.765,354
"T48I2",2012,4.765,366
"T48I2",2013,3.97,286
"T48I2",2014,3.09,356
"T48I2",2015,2.1,335
"T48I2",2016,1.0245,362
"T48I2",2017,0.59,365
"T48I2",2018,1.788,365
"T48I2",2019,0.6105,352
"T48I2",2020,0.1715,324
"T48I2",2021,-1.907,56
"U34B4",1996,35.46,1
"U34B4",1999,37.55,2
"U34B4",2000,36.085,4
"U34B4",2001,37.55,3
"U34B4",2002,39.91,3
"U34B4",2003,37.68,284
"U34B4",2004,38.2,366
"U34B4",2005,37.76,142
"U34B4",2006,38.9,4
"U34B4",2007,39.28,4
"U34B4",2008,39.26,4
"U34B4",2009,39.85,193
"U34B4",2010,38.94,365
"U34B4",2011,39.86,365
"U34B4",2012,39.9,366
"U34B4",2013,39.7,364
"U34B4",2014,39.679,365
"U34B4",2015,39.059,365
"U34B4",2016,37.6865,366
"U34B4",2017,38.329,365
"U34B4",2018,38.6,296
"U34B4",2019,38.389,365
"U34B4",2020,37.489,366
"U34B4",2021,36.226,81
"U34B6",1996,38.02,1
"U34B6",1999,39.735,2
"U34B6",2000,38.965,4
"U34B6",2001,39.61,3
"U34B6",2002,41.95,3
"U34B6",2003,39.67,284
"U34B6",2004,40.135,366
"U34B6",2005,39.755,142
"U34B6",2006,40.275,4
"U34B6",2007,41.16,4
"U34B6",2008,41.145,4
"U34B6",2009,41.87,193
"U34B6",2010,40.845,364
"U34B6",2011,41.81,365
"U34B6",2012,42.03,282
"U34B6",2013,41.42,364
"U34B6",2014,41.4915,364
"U34B6",2015,40.9,365
"U34B6",2016,39.543,366
"U34B6",2017,40.211,365
"U34B6",2018,40.294,365
"U34B6",2019,40.067,288
"U34B6",2020,39.224,325
"U34B6",2021,38.14,75
"U35I1",2019,11.542,225
"U35I1",2020,10.7295,366
"U35I1",2021,8.501,116
"U35I2",2019,123.3995,226
"U35I2",2020,121.747,366
"U35I2",2021,121.7325,116
"U35I3",2019,123.774,225
"U35I3",2020,122.54,366
"U35I3",2021,121.9495,116
"U35I4",2019,46.135,225
"U35I4",2020,44.851,366
"U35I4",2021,43.767,116
"U35I5",2019,119.717,225
"U35I5",2020,118.617,366
"U35I5",2021,117.584,116
"U35I6",2019,57.661,226
"U35I6",2020,56.3755,276
"U35I6",2021,55.5675,116
"U40Y1",2004,80.01,212
"U40Y1",2005,80.35,365
"U40Y1",2006,81.41,365
"U40Y1",2007,81.5,333
"U40Y1",2008,81.63,358
"U40Y1",2009,81.35,330
"U40Y1",2010,82.8,365
"U40Y1",2011,82.77,304
"U40Y1",2012,86.4995,330
"U40Y1",2013,87.68,365
"U40Y1",2014,89.672,365
"U40Y1",2015,92.537,365
"U40Y1",2016,93.438,225
"U40Y1",2017,95.442,309
"U40Y1",2018,96.437,365
"U40Y1",2019,98.266,365
"U40Y1",2020,100.286,366
"U40Y1",2021,103.3475,116
"U40Y2",2004,42.04,212
"U40Y2",2005,42.45,365
"U40Y2",2006,43,365
"U40Y2",2007,43.65,333
"U40Y2",2008,43.94,357
"U40Y2",2009,44.34,365
"U40Y2",2010,44.84,355
"U40Y2",2011,45.445,290
"U40Y2",2012,46.54,326
"U40Y2",2013,47.003,365
"U40Y2",2014,47.357,365
"U40Y2",2015,47.666,365
"U40Y2",2016,47.993,366
"U40Y2",2017,48.4545,302
"U40Y2",2018,49.22,365
"U40Y2",2019,49.7,365
"U40Y2",2020,49.976,366
"U40Y2",2021,49.919,116
"U40Y3",2004,21.33,209
"U40Y3",2005,22.02,365
"U40Y3",2006,21.43,305
"U40Y3",2007,23.82,303
"U40Y3",2008,21.38,366
"U40Y3",2009,21.28,235
"U40Y3",2010,22.275,4
"U40Y3",2011,25.5,360
"U40Y3",2012,25.8,366
"U40Y3",2013,23.701,365
"U40Y3",2014,22.595,365
"U40Y3",2015,21.256,365
"U40Y3",2016,19.9665,366
"U40Y3",2017,21.183,365
"U40Y3",2018,22.311,263
"U40Y3",2019,22.4015,354
"U40Y3",2020,20.277,277
"U40Y3",2021,18.848,116
"U40Y4",2004,3.05,209
"U40Y4",2005,3.7,365
"U40Y4",2006,3.125,362
"U40Y4",2007,4.95,333
"U40Y4",2008,2.985,366
"U40Y4",2009,2.97,218
"U40Y4",2010,4.105,332
"U40Y4",2011,5.74,365
"U40Y4",2012,6.5,359
"U40Y4",2013,4.553,365
"U40Y4",2014,3.873,365
"U40Y4",2015,2.96,365
"U40Y4",2016,2.745,366
"U40Y4",2017,3.439,326
"U40Y4",2018,4.156,339
"U40Y4",2019,4.152,338
"U40Y4",2020,2.5325,366
"U40Y4",2021,1.9135,116
"U41A1",2001,8.935,2
"U41A1",2002,8.25,77
"U41A1",2003,7.5,39
"U41A1",2004,8.22,92
"U41A1",2005,8.03,231
"U41A1",2006,7.685,200
"U41A1",2007,9,365
"U41A1",2008,7.855,366
"U41A1",2009,8,365
"U41A1",2010,8.654,276
"U41A1",2011,10.034,364
"U41A1",2012,9.634,303
"U41A1",2013,8.138,365
"U41A1",2014,8.328,365
"U41A1",2015,7.192,365
"U41A1",2016,6.8705,366
"U41A1",2017,7.535,365
"U41A1",2018,7.945,345
"U41A1",2019,8.193,365
"U41A1",2020,6.9755,366
"U41A1",2021,6.3315,158
"U46E6",2000,36.29,4
"U46E6",2001,37.66,2
"U46E6",2002,41.22,3
"U46E6",2003,36.235,4
"U46E6",2004,35.7,7
"U46E6",2005,36.67,319
"U46E6",2006,37.26,365
"U46E6",2007,37.93,365
"U46E6",2008,40.515,366
"U46E6",2009,39.08,365
"U46E6",2010,38.09,199
"U46E6",2011,38.97,365
"U46E6",2012,38.95,366
"U46E6",2013,37.22,365
"U46E6",2014,35.82,365
"U46E6",2015,35.216,365
"U46E6",2016,34.0655,366
"U46E6",2017,34.456,365
"U46E6",2018,35.63,365
"U46E6",2019,34.218,365
"U46E6",2020,33.971,322
"U46E6",2021,31.248,93
"V35T3",2000,1.71,1
"V35T3",2001,1.9,2
"V35T3",2002,2.645,2
"V35T3",2003,1.405,2
"V35T3",2004,1.285,4
"V35T3",2005,0.825,4
"V35T3",2006,0.315,4
"V35T3",2007,0.78,4
"V35T3",2008,0.635,4
"V35T3",2009,0.795,4
"V35T3",2010,0.655,4
"V35T3",2011,0.805,4
"V35T3",2012,0.815,4
"V35T3",2013,0.855,4
"V35T3",2014,0.605,4
"V35T3",2015,0.375,4
"V35T3",2016,0.55,4
"V35T3",2017,1.805,4
"V35T3",2018,1.505,4
"V35T3",2019,1.03,3
"V35T3",2020,1.49,3
"V35T3",2021,1.13,2
"V35T4",2000,-5.26,2
"V35T4",2001,-6.02,2
"V35T4",2002,-5.76,3
"V35T4",2003,-6.45,3
"V35T4",2004,-6.46,5
"V35T4",2005,-6.095,4
"V35T4",2006,-6.44,5
"V35T4",2007,-6.585,4
"V35T4",2008,-5.71,4
"V35T4",2009,-5.805,4
"V35T4",2010,-6.48,5
"V35T4",2011,-5.745,4
"V35T4",2012,-6.015,4
"V35T4",2013,-6.37,4
"V35T4",2014,-6.46,4
"V35T4",2015,-6.67,4
"V35T4",2016,-6.475,4
"V35T4",2017,-6.095,4
"V35T4",2018,-5.145,4
"V35T4",2019,-5.25,4
"V35T4",2020,-3.85,4
"V35T4",2021,-4.15,2
"V35T5",2000,-3.03,1
"V35T5",2001,-2.23,1
"V35T5",2002,-1.39,3
"V35T5",2003,-3.28,2
"V35T5",2004,-2.34,4
"V35T5",2005,-1.9,4
"V35T5",2006,-3.51,5
"V35T5",2007,-2.67,4
"V35T5",2008,-2.485,4
"V35T5",2009,-1.635,4
"V35T5",2010,-3.15,5
"V35T5",2011,-2.335,4
"V35T5",2012,-2.19,4
"V35T5",2013,-2.71,4
"V35T5",2014,-3.18,4
"V35T5",2015,-3.84,4
"V35T5",2016,-3.745,4
"V35T5",2017,-2.775,4
"V35T5",2018,-2.22,4
"V35T5",2019,-2.81,4
"V35T5",2020,-2.525,4
"V35T5",2021,-3.245,2
"V35T6",2000,-5.84,2
"V35T6",2001,-5.655,2
"V35T6",2002,-4.09,3
"V35T6",2003,-4.615,2
"V35T6",2004,-5.47,5
"V35T6",2005,-5.6,4
"V35T6",2006,-6.16,5
"V35T6",2007,-5.59,4
"V35T6",2008,-5.005,4
"V35T6",2009,-5.58,4
"V35T6",2010,-5.69,5
"V35T6",2011,-5.145,4
"V35T6",2012,-4.51,4
"V35T6",2013,-5.7,4
"V35T6",2014,-6.02,4
"V35T6",2015,-6.19,4
"V35T6",2016,-6.505,4
"V35T6",2017,-5.5,4
"V35T6",2018,-4.735,4
"V35T6",2019,-5.19,4
"V35T6",2020,-4.675,4
"V35T6",2021,-6.03,2
"V35T7",2000,-4.46,1
"V35T7",2001,-3.805,2
"V35T7",2002,-2.72,3
"V35T7",2003,-4.42,2
"V35T7",2004,-3.695,4
"V35T7",2005,-4.015,4
"V35T7",2006,-4.625,4
"V35T7",2007,-4.535,4
"V35T7",2008,-3.735,4
"V35T7",2009,-3.085,4
"V35T7",2010,-4.25,5
"V35T7",2011,-3.825,4
"V35T7",2012,-3.505,4
"V35T7",2013,-4.61,4
"V35T7",2014,-4.935,4
"V35T7",2015,-5.015,4
"V35T7",2016,-5.51,4
"V35T7",2017,-4.47,4
"V35T7",2018,-3.485,4
"V35T7",2019,-3.31,3
"V35T7",2020,-3.6,4
"V35T7",2021,-4.95,2
"V35T8",2000,-3.735,2
"V35T8",2001,-3.565,2
"V35T8",2002,-3.39,3
"V35T8",2003,-3.89,2
"V35T8",2004,-3.16,4
"V35T8",2005,-3.895,4
"V35T8",2006,-4.4,5
"V35T8",2007,-4.205,4
"V35T8",2008,-3.435,4
"V35T8",2009,-3.145,4
"V35T8",2010,-4.39,4
"V35T8",2011,-3.85,4
"V35T8",2012,-3.05,4
"V35T8",2013,-3.94,4
"V35T8",2014,-4.295,4
"V35T8",2015,-4.1,4
"V35T8",2016,-4.655,4
"V35T8",2017,-3.885,4
"V35T8",2018,-3.4,4
"V35T8",2019,-3.71,4
"V35T8",2020,-3.67,4
"V35T8",2021,-4.545,2
"V39O1",2004,48.97,222
"V39O1",2005,49.56,365
"V39O1",2006,50.68,365
"V39O1",2007,51.98,365
"V39O1",2008,53.05,366
"V39O1",2009,54.05,365
"V39O1",2010,54.39,365
"V39O1",2011,56.183,365
"V39O1",2012,56.897,366
"V39O1",2013,57.524,365
"V39O1",2014,58.5655,276
"V39O1",2015,59.055,365
"V39O1",2016,59.514,364
"V39O1",2017,60.278,365
"V39O1",2018,60.649,365
"V39O1",2019,61.338,365
"V39O1",2020,61.49225,366
"V39O1",2021,61.673,116
"V39O2",2004,5.61,227
"V39O2",2005,6.51,361
"V39O2",2006,5.81,305
"V39O2",2007,6.91,335
"V39O2",2008,4.435,366
"V39O2",2009,4.55,365
"V39O2",2010,4.52,275
"V39O2",2011,8.733,353
"V39O2",2012,8.7925,366
"V39O2",2013,7.467,365
"V39O2",2014,5.516,365
"V39O2",2015,4.031,365
"V39O2",2016,2.484,365
"V39O2",2017,5.061,365
"V39O2",2018,5.701,365
"V39O2",2019,5.622,254
"V39O2",2020,2.5675,366
"V39O2",2021,0.3335,116
"V39O3",2004,6.31,227
"V39O3",2005,6.855,330
"V39O3",2006,6.12,189
"V39O3",2007,6.29,365
"V39O3",2008,5.52,366
"V39O3",2009,5.51,331
"V39O3",2010,6.08,4
"V39O3",2011,8.851,353
"V39O3",2012,8.5345,366
"V39O3",2013,7.36,365
"V39O3",2014,6.146,365
"V39O3",2015,5.164,365
"V39O3",2016,4.232,365
"V39O3",2017,5.88,365
"V39O3",2018,6.038,365
"V39O3",2019,4.699,318
"V39O3",2020,17.22,366
"V39O3",2021,16.69875,116
"Y34P2",1996,-1,1
"Y34P2",1999,-2.29,1
"Y34P2",2000,-1.945,4
"Y34P2",2001,-2.35,3
"Y34P2",2002,-0.62,3
"Y34P2",2003,-2.05,3
"Y34P2",2004,-2.075,248
"Y34P2",2005,-2.04,365
"Y34P2",2006,-2.06,365
"Y34P2",2007,-1.03,365
"Y34P2",2008,-0.97,366
"Y34P2",2009,-1.37,365
"Y34P2",2010,-0.99,314
"Y34P2",2011,0.495,364
"Y34P2",2012,-0.23,365
"Y34P2",2013,-0.873,365
"Y34P2",2014,-0.773,365
"Y34P2",2015,-1.047,261
"Y34P2",2016,-1.297,366
"Y34P2",2017,-0.243,227
"Y34P2",2018,-0.3275,362
"Y34P2",2019,0.112,365
"Y34P2",2020,-0.748,366
"Y34P2",2021,-1.484,131
"Y34P3",1996,12.89,1
"Y34P3",1999,12.55,2
"Y34P3",2000,13.32,4
"Y34P3",2001,14.56,3
"Y34P3",2002,15,4
"Y34P3",2003,12.52,3
"Y34P3",2004,13.86,255
"Y34P3",2005,13.55,365
"Y34P3",2006,13.41,365
"Y34P3",2007,15.14,365
"Y34P3",2008,13.285,366
"Y34P3",2009,13.44,365
"Y34P3",2010,13.73,365
"Y34P3",2011,14.32,365
"Y34P3",2012,14.3725,366
"Y34P3",2013,13.724,365
"Y34P3",2014,13.303,365
"Y34P3",2015,13.059,261
"Y34P3",2016,12.782,365
"Y34P3",2017,13.5,365
"Y34P3",2018,12.909,346
"Y34P3",2019,12.883,365
"Y34P3",2020,12.1085,366
"Y34P3",2021,10.823,49
"Y34P4",2000,-2.87,1
"Y34P4",2001,-3.075,2
"Y34P4",2002,-2.54,3
"Y34P4",2003,-2.75,3
"Y34P4",2004,-2.85,6
"Y34P4",2005,-2.91,4
"Y34P4",2006,-3.235,4
"Y34P4",2007,-3.405,4
"Y34P4",2008,-2.2,4
"Y34P4",2009,-2.17,4
"Y34P4",2010,-2.47,4
"Y34P4",2011,-2.52,4
"Y34P4",2012,-2.185,7
"Y34P4",2013,-2.34,4
"Y34P4",2014,-1.955,4
"Y34P4",2015,-2.07,4
"Y34P4",2016,-2.13,5
"Y34P4",2017,-2.135,4
"Y34P4",2018,-2.145,4
"Y34P4",2019,-2.76,5
"Y34P4",2020,-2.18,3
"Y34P4",2021,-2.64,4
"Y34P7",2012,2.548,71
"Y34P7",2013,1.421,365
"Y34P7",2014,1.673,365
"Y34P7",2015,1.039,261
"Y34P7",2016,1.001,306
"Y34P7",2017,2.0975,292
"Y34P7",2018,1.4275,362
"Y34P7",2019,1.917,365
"Y34P7",2020,0.8015,302
"Y34P7",2021,-0.0180000000000001,86
"Y34P9",2013,-2.103,287
"Y34P9",2014,-2.376,365
"Y34P9",2015,-2.472,261
"Y34P9",2016,-2.757,364
"Y34P9",2017,-1.661,365
"Y34P9",2018,-2.0725,362
"Y34P9",2019,-1.973,365
"Y34P9",2020,-2.2585,366
"Y34P9",2021,-3.01,131
